campaign,user_id,reviewer_id,high_risk_entitlements,reviewed,revoked,status,due_date
Q3-2026,U0001,U0046,1,0,0,In Progress,2026-09-30
Q3-2026,U0005,U0444,1,1,1,Complete,2026-09-30
Q3-2026,U0007,U0518,1,0,0,In Progress,2026-09-30
Q3-2026,U0008,U0298,1,1,0,Complete,2026-09-30
Q3-2026,U0009,U0112,1,1,0,Complete,2026-09-30
Q3-2026,U0010,U0121,2,2,1,Complete,2026-09-30
Q3-2026,U0011,U0220,1,1,1,Complete,2026-09-30
Q3-2026,U0012,U0388,1,1,0,Complete,2026-09-30
Q3-2026,U0014,U0236,1,1,1,Complete,2026-09-30
Q3-2026,U0016,U0589,1,1,1,Complete,2026-09-30
Q3-2026,U0018,U0199,1,1,1,Complete,2026-09-30
Q3-2026,U0020,U0001,1,0,0,Overdue,2026-09-30
Q3-2026,U0024,U0170,1,1,0,Complete,2026-09-30
Q3-2026,U0026,U0001,1,1,1,Complete,2026-09-30
Q3-2026,U0028,U0444,1,1,0,Complete,2026-09-30
Q3-2026,U0031,U0001,1,1,0,Complete,2026-09-30
Q3-2026,U0036,U0001,1,0,0,In Progress,2026-09-30
Q3-2026,U0037,U0213,1,0,0,In Progress,2026-09-30
Q3-2026,U0039,U0112,1,1,0,Complete,2026-09-30
Q3-2026,U0040,U0001,2,2,1,Complete,2026-09-30
Q3-2026,U0041,U0547,1,0,0,Overdue,2026-09-30
Q3-2026,U0046,U0001,2,2,1,Complete,2026-09-30
Q3-2026,U0047,U0001,1,0,0,In Progress,2026-09-30
Q3-2026,U0050,U0444,1,0,0,Overdue,2026-09-30
Q3-2026,U0051,U0001,2,0,0,Overdue,2026-09-30
Q3-2026,U0052,U0026,1,1,0,Complete,2026-09-30
Q3-2026,U0053,U0214,1,1,1,Complete,2026-09-30
Q3-2026,U0054,U0001,3,3,0,Complete,2026-09-30
Q3-2026,U0056,U0506,1,1,0,Complete,2026-09-30
Q3-2026,U0057,U0133,2,0,0,In Progress,2026-09-30
Q3-2026,U0059,U0213,1,1,1,Complete,2026-09-30
Q3-2026,U0060,U0199,1,1,0,Complete,2026-09-30
Q3-2026,U0061,U0001,2,2,0,Complete,2026-09-30
Q3-2026,U0062,U0465,2,2,0,Complete,2026-09-30
Q3-2026,U0064,U0189,1,1,1,Complete,2026-09-30
Q3-2026,U0065,U0001,1,1,0,Complete,2026-09-30
Q3-2026,U0069,U0213,1,1,0,Complete,2026-09-30
Q3-2026,U0071,U0051,1,0,0,Overdue,2026-09-30
Q3-2026,U0074,U0419,1,0,0,In Progress,2026-09-30
Q3-2026,U0075,U0199,1,0,0,In Progress,2026-09-30
Q3-2026,U0076,U0051,1,1,1,Complete,2026-09-30
Q3-2026,U0078,U0001,2,0,0,Overdue,2026-09-30
Q3-2026,U0080,U0298,1,1,0,Complete,2026-09-30
Q3-2026,U0081,U0001,2,2,0,Complete,2026-09-30
Q3-2026,U0083,U0327,1,1,1,Complete,2026-09-30
Q3-2026,U0084,U0051,1,1,0,Complete,2026-09-30
Q3-2026,U0085,U0419,1,1,0,Complete,2026-09-30
Q3-2026,U0087,U0180,1,1,0,Complete,2026-09-30
Q3-2026,U0088,U0465,2,0,0,In Progress,2026-09-30
Q3-2026,U0089,U0112,1,0,0,Overdue,2026-09-30
Q3-2026,U0090,U0121,2,2,0,Complete,2026-09-30
Q3-2026,U0091,U0332,1,1,0,Complete,2026-09-30
Q3-2026,U0092,U0180,1,1,0,Complete,2026-09-30
Q3-2026,U0096,U0001,1,1,1,Complete,2026-09-30
Q3-2026,U0098,U0112,1,1,0,Complete,2026-09-30
Q3-2026,U0099,U0199,1,1,1,Complete,2026-09-30
Q3-2026,U0102,U0189,1,1,1,Complete,2026-09-30
Q3-2026,U0103,U0051,1,1,1,Complete,2026-09-30
Q3-2026,U0105,U0298,1,1,0,Complete,2026-09-30
Q3-2026,U0106,U0439,1,1,1,Complete,2026-09-30
Q3-2026,U0107,U0114,2,2,1,Complete,2026-09-30
Q3-2026,U0108,U0112,1,1,0,Complete,2026-09-30
Q3-2026,U0109,U0419,1,1,0,Complete,2026-09-30
Q3-2026,U0110,U0463,1,1,0,Complete,2026-09-30
Q3-2026,U0111,U0212,3,3,0,Complete,2026-09-30
Q3-2026,U0112,U0001,1,0,0,Overdue,2026-09-30
Q3-2026,U0113,U0047,1,1,1,Complete,2026-09-30
Q3-2026,U0114,U0001,2,2,0,Complete,2026-09-30
Q3-2026,U0115,U0213,1,1,1,Complete,2026-09-30
Q3-2026,U0117,U0189,1,1,0,Complete,2026-09-30
Q3-2026,U0118,U0439,1,1,0,Complete,2026-09-30
Q3-2026,U0120,U0001,1,0,0,Overdue,2026-09-30
Q3-2026,U0122,U0001,2,2,1,Complete,2026-09-30
Q3-2026,U0123,U0589,1,1,1,Complete,2026-09-30
Q3-2026,U0126,U0133,2,2,1,Complete,2026-09-30
Q3-2026,U0128,U0026,1,1,0,Complete,2026-09-30
Q3-2026,U0129,U0199,2,2,0,Complete,2026-09-30
Q3-2026,U0130,U0001,1,1,1,Complete,2026-09-30
Q3-2026,U0131,U0112,1,0,0,In Progress,2026-09-30
Q3-2026,U0132,U0170,1,0,0,Overdue,2026-09-30
Q3-2026,U0133,U0001,2,2,1,Complete,2026-09-30
Q3-2026,U0135,U0001,1,1,1,Complete,2026-09-30
Q3-2026,U0136,U0332,1,1,0,Complete,2026-09-30
Q3-2026,U0138,U0114,2,2,0,Complete,2026-09-30
Q3-2026,U0139,U0506,1,1,0,Complete,2026-09-30
Q3-2026,U0140,U0051,2,0,0,Overdue,2026-09-30
Q3-2026,U0142,U0121,3,3,1,Complete,2026-09-30
Q3-2026,U0143,U0527,1,0,0,In Progress,2026-09-30
Q3-2026,U0145,U0465,2,2,0,Complete,2026-09-30
Q3-2026,U0146,U0589,1,1,0,Complete,2026-09-30
Q3-2026,U0150,U0112,2,2,0,Complete,2026-09-30
Q3-2026,U0152,U0347,1,0,0,In Progress,2026-09-30
Q3-2026,U0154,U0133,1,1,0,Complete,2026-09-30
Q3-2026,U0155,U0036,1,1,0,Complete,2026-09-30
Q3-2026,U0156,U0001,2,2,1,Complete,2026-09-30
Q3-2026,U0157,U0589,1,0,0,Overdue,2026-09-30
Q3-2026,U0159,U0189,1,1,1,Complete,2026-09-30
Q3-2026,U0160,U0180,1,1,1,Complete,2026-09-30
Q3-2026,U0161,U0589,1,1,1,Complete,2026-09-30
Q3-2026,U0162,U0224,1,1,0,Complete,2026-09-30
Q3-2026,U0163,U0436,1,0,0,Overdue,2026-09-30
Q3-2026,U0168,U0298,2,1,0,In Progress,2026-09-30
Q3-2026,U0170,U0001,1,1,1,Complete,2026-09-30
Q3-2026,U0173,U0026,1,1,1,Complete,2026-09-30
Q3-2026,U0174,U0463,1,1,0,Complete,2026-09-30
Q3-2026,U0175,U0419,1,1,0,Complete,2026-09-30
Q3-2026,U0176,U0199,1,1,0,Complete,2026-09-30
Q3-2026,U0179,U0320,1,0,0,In Progress,2026-09-30
Q3-2026,U0180,U0001,1,1,0,Complete,2026-09-30
Q3-2026,U0182,U0320,1,0,0,Overdue,2026-09-30
Q3-2026,U0185,U0298,2,2,1,Complete,2026-09-30
Q3-2026,U0186,U0001,2,2,0,Complete,2026-09-30
Q3-2026,U0188,U0589,1,0,0,Overdue,2026-09-30
Q3-2026,U0189,U0001,1,1,0,Complete,2026-09-30
Q3-2026,U0190,U0419,1,1,1,Complete,2026-09-30
Q3-2026,U0192,U0213,1,0,0,Overdue,2026-09-30
Q3-2026,U0193,U0589,1,1,0,Complete,2026-09-30
Q3-2026,U0195,U0436,1,0,0,In Progress,2026-09-30
Q3-2026,U0196,U0213,1,1,0,Complete,2026-09-30
Q3-2026,U0197,U0001,1,1,1,Complete,2026-09-30
Q3-2026,U0199,U0001,1,1,0,Complete,2026-09-30
Q3-2026,U0200,U0047,1,1,0,Complete,2026-09-30
Q3-2026,U0201,U0298,1,0,0,In Progress,2026-09-30
Q3-2026,U0203,U0121,2,1,0,In Progress,2026-09-30
Q3-2026,U0204,U0026,1,1,0,Complete,2026-09-30
Q3-2026,U0205,U0036,1,1,1,Complete,2026-09-30
Q3-2026,U0206,U0199,1,0,0,In Progress,2026-09-30
Q3-2026,U0207,U0332,1,0,0,Overdue,2026-09-30
Q3-2026,U0209,U0026,1,0,0,Overdue,2026-09-30
Q3-2026,U0212,U0001,2,2,1,Complete,2026-09-30
Q3-2026,U0213,U0001,2,2,0,Complete,2026-09-30
Q3-2026,U0214,U0001,2,2,1,Complete,2026-09-30
Q3-2026,U0215,U0518,1,1,1,Complete,2026-09-30
Q3-2026,U0216,U0518,1,0,0,In Progress,2026-09-30
Q3-2026,U0217,U0036,1,1,0,Complete,2026-09-30
Q3-2026,U0218,U0419,1,0,0,Overdue,2026-09-30
Q3-2026,U0219,U0527,1,1,1,Complete,2026-09-30
Q3-2026,U0220,U0001,1,1,0,Complete,2026-09-30
Q3-2026,U0222,U0212,2,1,0,In Progress,2026-09-30
Q3-2026,U0223,U0001,2,0,0,Overdue,2026-09-30
Q3-2026,U0224,U0001,1,1,0,Complete,2026-09-30
Q3-2026,U0226,U0170,1,0,0,In Progress,2026-09-30
Q3-2026,U0227,U0436,1,0,0,In Progress,2026-09-30
Q3-2026,U0229,U0001,1,1,0,Complete,2026-09-30
Q3-2026,U0230,U0026,1,1,1,Complete,2026-09-30
Q3-2026,U0231,U0213,1,0,0,In Progress,2026-09-30
Q3-2026,U0232,U0547,1,0,0,In Progress,2026-09-30
Q3-2026,U0234,U0001,1,1,1,Complete,2026-09-30
Q3-2026,U0235,U0320,1,0,0,Overdue,2026-09-30
Q3-2026,U0236,U0001,2,0,0,Overdue,2026-09-30
Q3-2026,U0237,U0133,3,3,0,Complete,2026-09-30
Q3-2026,U0238,U0298,1,0,0,Overdue,2026-09-30
Q3-2026,U0239,U0026,2,2,0,Complete,2026-09-30
Q3-2026,U0240,U0419,1,1,0,Complete,2026-09-30
Q3-2026,U0241,U0347,1,1,1,Complete,2026-09-30
Q3-2026,U0242,U0046,2,2,1,Complete,2026-09-30
Q3-2026,U0243,U0444,1,1,0,Complete,2026-09-30
Q3-2026,U0244,U0212,1,0,0,In Progress,2026-09-30
Q3-2026,U0245,U0001,1,0,0,In Progress,2026-09-30
Q3-2026,U0251,U0001,2,0,0,Overdue,2026-09-30
Q3-2026,U0253,U0465,3,3,0,Complete,2026-09-30
Q3-2026,U0254,U0444,1,0,0,In Progress,2026-09-30
Q3-2026,U0255,U0332,1,1,1,Complete,2026-09-30
Q3-2026,U0256,U0001,1,0,0,In Progress,2026-09-30
Q3-2026,U0258,U0332,1,1,0,Complete,2026-09-30
Q3-2026,U0259,U0589,1,0,0,In Progress,2026-09-30
Q3-2026,U0260,U0001,1,1,1,Complete,2026-09-30
Q3-2026,U0262,U0046,1,1,0,Complete,2026-09-30
Q3-2026,U0263,U0533,1,1,1,Complete,2026-09-30
Q3-2026,U0265,U0224,1,1,0,Complete,2026-09-30
Q3-2026,U0266,U0436,1,1,1,Complete,2026-09-30
Q3-2026,U0267,U0332,1,1,1,Complete,2026-09-30
Q3-2026,U0268,U0444,1,1,1,Complete,2026-09-30
Q3-2026,U0269,U0213,1,1,1,Complete,2026-09-30
Q3-2026,U0270,U0444,1,1,0,Complete,2026-09-30
Q3-2026,U0272,U0026,1,0,0,In Progress,2026-09-30
Q3-2026,U0273,U0036,1,1,1,Complete,2026-09-30
Q3-2026,U0274,U0001,2,1,0,In Progress,2026-09-30
Q3-2026,U0276,U0001,1,1,0,Complete,2026-09-30
Q3-2026,U0278,U0121,1,1,1,Complete,2026-09-30
Q3-2026,U0281,U0332,1,1,0,Complete,2026-09-30
Q3-2026,U0282,U0419,1,1,0,Complete,2026-09-30
Q3-2026,U0283,U0051,1,1,0,Complete,2026-09-30
Q3-2026,U0284,U0036,1,1,1,Complete,2026-09-30
Q3-2026,U0287,U0444,1,0,0,Overdue,2026-09-30
Q3-2026,U0288,U0047,1,1,1,Complete,2026-09-30
Q3-2026,U0292,U0419,1,1,1,Complete,2026-09-30
Q3-2026,U0293,U0224,1,0,0,Overdue,2026-09-30
Q3-2026,U0294,U0213,1,1,0,Complete,2026-09-30
Q3-2026,U0296,U0170,1,1,1,Complete,2026-09-30
Q3-2026,U0298,U0001,2,2,1,Complete,2026-09-30
Q3-2026,U0299,U0236,1,1,0,Complete,2026-09-30
Q3-2026,U0300,U0001,1,0,0,Overdue,2026-09-30
Q3-2026,U0301,U0236,2,2,1,Complete,2026-09-30
Q3-2026,U0302,U0199,1,1,1,Complete,2026-09-30
Q3-2026,U0306,U0465,3,3,0,Complete,2026-09-30
Q3-2026,U0308,U0001,1,1,1,Complete,2026-09-30
Q3-2026,U0309,U0026,1,1,0,Complete,2026-09-30
Q3-2026,U0311,U0465,2,0,0,In Progress,2026-09-30
Q3-2026,U0313,U0444,1,0,0,In Progress,2026-09-30
Q3-2026,U0315,U0276,1,1,1,Complete,2026-09-30
Q3-2026,U0316,U0584,1,1,0,Complete,2026-09-30
Q3-2026,U0320,U0001,1,1,1,Complete,2026-09-30
Q3-2026,U0326,U0001,2,2,0,Complete,2026-09-30
Q3-2026,U0327,U0001,2,2,1,Complete,2026-09-30
Q3-2026,U0329,U0001,1,1,1,Complete,2026-09-30
Q3-2026,U0331,U0439,1,0,0,Overdue,2026-09-30
Q3-2026,U0334,U0320,1,1,1,Complete,2026-09-30
Q3-2026,U0336,U0001,2,2,0,Complete,2026-09-30
Q3-2026,U0337,U0419,1,0,0,Overdue,2026-09-30
Q3-2026,U0338,U0031,1,1,1,Complete,2026-09-30
Q3-2026,U0339,U0419,1,1,1,Complete,2026-09-30
Q3-2026,U0340,U0224,1,1,1,Complete,2026-09-30
Q3-2026,U0341,U0112,1,1,0,Complete,2026-09-30
Q3-2026,U0343,U0001,2,2,1,Complete,2026-09-30
Q3-2026,U0344,U0001,1,1,1,Complete,2026-09-30
Q3-2026,U0345,U0236,1,1,0,Complete,2026-09-30
Q3-2026,U0346,U0426,1,1,0,Complete,2026-09-30
Q3-2026,U0348,U0051,1,0,0,In Progress,2026-09-30
Q3-2026,U0349,U0001,1,1,1,Complete,2026-09-30
Q3-2026,U0350,U0419,1,0,0,In Progress,2026-09-30
Q3-2026,U0351,U0001,2,0,0,Overdue,2026-09-30
Q3-2026,U0352,U0036,1,1,0,Complete,2026-09-30
Q3-2026,U0355,U0114,2,0,0,Overdue,2026-09-30
Q3-2026,U0357,U0256,1,0,0,In Progress,2026-09-30
Q3-2026,U0358,U0001,2,2,1,Complete,2026-09-30
Q3-2026,U0359,U0114,2,0,0,Overdue,2026-09-30
Q3-2026,U0360,U0001,1,1,0,Complete,2026-09-30
Q3-2026,U0361,U0170,1,1,0,Complete,2026-09-30
Q3-2026,U0364,U0419,1,1,0,Complete,2026-09-30
Q3-2026,U0367,U0343,1,1,0,Complete,2026-09-30
Q3-2026,U0368,U0001,2,2,0,Complete,2026-09-30
Q3-2026,U0370,U0388,1,1,1,Complete,2026-09-30
Q3-2026,U0371,U0031,1,1,1,Complete,2026-09-30
Q3-2026,U0372,U0436,1,1,0,Complete,2026-09-30
Q3-2026,U0374,U0584,1,1,1,Complete,2026-09-30
Q3-2026,U0375,U0026,1,1,1,Complete,2026-09-30
Q3-2026,U0376,U0051,1,0,0,Overdue,2026-09-30
Q3-2026,U0377,U0320,1,1,0,Complete,2026-09-30
Q3-2026,U0379,U0047,1,0,0,In Progress,2026-09-30
Q3-2026,U0382,U0170,1,1,0,Complete,2026-09-30
Q3-2026,U0383,U0506,1,1,0,Complete,2026-09-30
Q3-2026,U0384,U0465,3,3,0,Complete,2026-09-30
Q3-2026,U0385,U0584,1,1,0,Complete,2026-09-30
Q3-2026,U0388,U0001,1,1,1,Complete,2026-09-30
Q3-2026,U0389,U0112,1,0,0,In Progress,2026-09-30
Q3-2026,U0391,U0001,1,1,0,Complete,2026-09-30
Q3-2026,U0392,U0112,1,1,1,Complete,2026-09-30
Q3-2026,U0393,U0001,1,1,0,Complete,2026-09-30
Q3-2026,U0395,U0051,1,1,1,Complete,2026-09-30
Q3-2026,U0396,U0212,2,2,1,Complete,2026-09-30
Q3-2026,U0399,U0121,3,3,1,Complete,2026-09-30
Q3-2026,U0402,U0224,2,2,0,Complete,2026-09-30
Q3-2026,U0404,U0589,1,1,0,Complete,2026-09-30
Q3-2026,U0407,U0036,1,1,0,Complete,2026-09-30
Q3-2026,U0409,U0419,1,1,0,Complete,2026-09-30
Q3-2026,U0411,U0001,2,2,1,Complete,2026-09-30
Q3-2026,U0412,U0001,2,2,1,Complete,2026-09-30
Q3-2026,U0413,U0332,2,0,0,Overdue,2026-09-30
Q3-2026,U0414,U0224,1,0,0,In Progress,2026-09-30
Q3-2026,U0416,U0051,1,1,0,Complete,2026-09-30
Q3-2026,U0418,U0506,1,1,0,Complete,2026-09-30
Q3-2026,U0419,U0001,1,1,0,Complete,2026-09-30
Q3-2026,U0420,U0224,2,2,0,Complete,2026-09-30
Q3-2026,U0422,U0332,1,1,0,Complete,2026-09-30
Q3-2026,U0423,U0112,1,1,0,Complete,2026-09-30
Q3-2026,U0424,U0419,1,1,1,Complete,2026-09-30
Q3-2026,U0426,U0001,2,0,0,Overdue,2026-09-30
Q3-2026,U0427,U0026,1,1,1,Complete,2026-09-30
Q3-2026,U0429,U0026,1,0,0,In Progress,2026-09-30
Q3-2026,U0430,U0001,2,1,0,In Progress,2026-09-30
Q3-2026,U0431,U0170,1,1,0,Complete,2026-09-30
Q3-2026,U0432,U0046,1,0,0,In Progress,2026-09-30
Q3-2026,U0436,U0001,1,1,1,Complete,2026-09-30
Q3-2026,U0437,U0332,1,1,0,Complete,2026-09-30
Q3-2026,U0439,U0001,1,1,0,Complete,2026-09-30
Q3-2026,U0442,U0026,1,0,0,Overdue,2026-09-30
Q3-2026,U0443,U0256,1,1,0,Complete,2026-09-30
Q3-2026,U0444,U0001,1,1,0,Complete,2026-09-30
Q3-2026,U0445,U0444,1,1,1,Complete,2026-09-30
Q3-2026,U0448,U0001,1,0,0,In Progress,2026-09-30
Q3-2026,U0450,U0001,1,1,0,Complete,2026-09-30
Q3-2026,U0451,U0589,1,1,0,Complete,2026-09-30
Q3-2026,U0454,U0436,1,0,0,Overdue,2026-09-30
Q3-2026,U0456,U0589,1,0,0,Overdue,2026-09-30
Q3-2026,U0458,U0133,2,2,0,Complete,2026-09-30
Q3-2026,U0459,U0343,1,1,0,Complete,2026-09-30
Q3-2026,U0460,U0001,1,0,0,Overdue,2026-09-30
Q3-2026,U0462,U0112,1,0,0,In Progress,2026-09-30
Q3-2026,U0463,U0001,1,1,0,Complete,2026-09-30
Q3-2026,U0465,U0001,2,2,1,Complete,2026-09-30
Q3-2026,U0467,U0001,1,1,0,Complete,2026-09-30
Q3-2026,U0468,U0347,1,1,1,Complete,2026-09-30
Q3-2026,U0469,U0436,1,1,0,Complete,2026-09-30
Q3-2026,U0472,U0121,2,0,0,In Progress,2026-09-30
Q3-2026,U0473,U0051,1,0,0,Overdue,2026-09-30
Q3-2026,U0474,U0213,1,1,0,Complete,2026-09-30
Q3-2026,U0475,U0051,1,0,0,In Progress,2026-09-30
Q3-2026,U0478,U0001,1,1,1,Complete,2026-09-30
Q3-2026,U0479,U0001,1,0,0,In Progress,2026-09-30
Q3-2026,U0480,U0220,2,2,0,Complete,2026-09-30
Q3-2026,U0483,U0001,1,0,0,In Progress,2026-09-30
Q3-2026,U0487,U0212,2,2,0,Complete,2026-09-30
Q3-2026,U0488,U0199,1,1,1,Complete,2026-09-30
Q3-2026,U0492,U0001,1,0,0,In Progress,2026-09-30
Q3-2026,U0493,U0001,2,0,0,Overdue,2026-09-30
Q3-2026,U0495,U0426,1,1,0,Complete,2026-09-30
Q3-2026,U0499,U0220,1,1,1,Complete,2026-09-30
Q3-2026,U0501,U0518,1,1,0,Complete,2026-09-30
Q3-2026,U0506,U0001,2,2,1,Complete,2026-09-30
Q3-2026,U0509,U0133,3,3,0,Complete,2026-09-30
Q3-2026,U0510,U0036,1,1,0,Complete,2026-09-30
Q3-2026,U0511,U0112,1,1,1,Complete,2026-09-30
Q3-2026,U0513,U0436,1,1,1,Complete,2026-09-30
Q3-2026,U0514,U0213,1,1,0,Complete,2026-09-30
Q3-2026,U0516,U0332,1,1,1,Complete,2026-09-30
Q3-2026,U0519,U0199,1,1,0,Complete,2026-09-30
Q3-2026,U0520,U0170,1,1,1,Complete,2026-09-30
Q3-2026,U0523,U0112,1,1,0,Complete,2026-09-30
Q3-2026,U0524,U0001,1,1,0,Complete,2026-09-30
Q3-2026,U0525,U0332,1,1,0,Complete,2026-09-30
Q3-2026,U0527,U0001,1,1,0,Complete,2026-09-30
Q3-2026,U0529,U0343,1,0,0,In Progress,2026-09-30
Q3-2026,U0530,U0276,1,1,0,Complete,2026-09-30
Q3-2026,U0533,U0001,1,0,0,Overdue,2026-09-30
Q3-2026,U0535,U0332,1,1,0,Complete,2026-09-30
Q3-2026,U0536,U0444,1,0,0,In Progress,2026-09-30
Q3-2026,U0538,U0332,1,1,1,Complete,2026-09-30
Q3-2026,U0539,U0589,1,1,0,Complete,2026-09-30
Q3-2026,U0545,U0444,1,1,1,Complete,2026-09-30
Q3-2026,U0546,U0465,2,2,1,Complete,2026-09-30
Q3-2026,U0547,U0001,1,1,1,Complete,2026-09-30
Q3-2026,U0549,U0189,1,0,0,Overdue,2026-09-30
Q3-2026,U0551,U0465,3,2,0,In Progress,2026-09-30
Q3-2026,U0552,U0199,1,0,0,In Progress,2026-09-30
Q3-2026,U0553,U0199,1,1,1,Complete,2026-09-30
Q3-2026,U0554,U0347,1,0,0,Overdue,2026-09-30
Q3-2026,U0555,U0026,1,1,1,Complete,2026-09-30
Q3-2026,U0556,U0036,2,2,0,Complete,2026-09-30
Q3-2026,U0558,U0114,2,2,0,Complete,2026-09-30
Q3-2026,U0559,U0001,1,1,1,Complete,2026-09-30
Q3-2026,U0560,U0121,2,2,1,Complete,2026-09-30
Q3-2026,U0561,U0436,1,1,0,Complete,2026-09-30
Q3-2026,U0562,U0112,1,1,1,Complete,2026-09-30
Q3-2026,U0564,U0001,1,1,1,Complete,2026-09-30
Q3-2026,U0565,U0001,1,1,1,Complete,2026-09-30
Q3-2026,U0566,U0001,2,2,0,Complete,2026-09-30
Q3-2026,U0568,U0036,1,1,1,Complete,2026-09-30
Q3-2026,U0573,U0114,2,0,0,Overdue,2026-09-30
Q3-2026,U0574,U0189,1,0,0,In Progress,2026-09-30
Q3-2026,U0577,U0347,1,1,1,Complete,2026-09-30
Q3-2026,U0578,U0001,1,1,1,Complete,2026-09-30
Q3-2026,U0581,U0114,2,0,0,Overdue,2026-09-30
Q3-2026,U0582,U0212,1,1,1,Complete,2026-09-30
Q3-2026,U0584,U0001,1,1,1,Complete,2026-09-30
Q3-2026,U0585,U0527,2,2,0,Complete,2026-09-30
Q3-2026,U0586,U0001,1,0,0,Overdue,2026-09-30
Q3-2026,U0587,U0112,1,0,0,Overdue,2026-09-30
Q3-2026,U0588,U0547,1,0,0,Overdue,2026-09-30
Q3-2026,U0589,U0001,2,2,0,Complete,2026-09-30
Q3-2026,U0591,U0527,1,0,0,Overdue,2026-09-30
Q3-2026,U0592,U0465,2,2,0,Complete,2026-09-30
Q3-2026,U0594,U0001,2,2,1,Complete,2026-09-30
Q3-2026,U0596,U0436,1,1,1,Complete,2026-09-30
Q3-2026,U0598,U0001,1,1,0,Complete,2026-09-30
Q3-2026,U0600,U0001,1,1,1,Complete,2026-09-30
